property_title,property_url
Rumah Asri Dan Eklusive Dikawasan Pemukiman Pondok Pinang Selangkah Ke Pondok Indah Dan Mrt Lebak Bulus Dan Tol Tb Simatupang .,/properti/jakarta-selatan/hos18392523/
DIJUAL TERMURAH RUMAH PIK1 Layar Permai 2 Lantai Shm Sudah Renovasi  Rumah Unfurnished Bagus SHM - Sertifikat Hak Milik di Pantai Indah Kapuk,/properti/jakarta-utara/hos16808954/
Rumah di Cinere Siap Huni Design Elegan Klasik Modern,/properti/depok/hos18861745/
Rumah Di Perum Lereng Indah Cinere Perbatasan Pondok Cabe Ciputat,/properti/depok/hos18570241/
Dijual Termurah Rumah Golf Island Pik Di Cluster Premium Mewah View Golf Rumah Di Golf Island Bagus,/properti/jakarta-utara/hos16543371/
"Dijual Murah Dan Cepat Pabrik Bekasi Rapi Siap Pakai Industri 40ft  Pabrik di Bekasi 5,780 mÂ² HGB - Hak Guna Bangun",/properti/bekasi/fas4520032/
Kost Ekslusif Akses 3 Mobil Taman Palem Jakarta Dekat Sport Club ,/properti/jakarta-barat/kss25218/
Kos Eksklusif 20 Kamar Full Furnished Jalan 3 Mobil Jakarta Barat,/properti/jakarta-barat/hos18092107/
Jual Murah Rumah Hitung Tanah Jalan 3 Mobil Cempaka Putih Jakarta,/properti/jakarta-pusat/hos17909296/
Rumah Dijual Modern Minimalis Semi Furnish di Bukit Cimanggu City Tanah Sareal Kota Bogor,/properti/bogor/hos18327331/
"Rumah Menteng Dijual. Raya Utama, Termurah. Rumah Lama. Nego",/properti/jakarta-pusat/hos18181551/
Super Nego. Bu Cepat. Rumah Pejaten Timur. Jalan Utama. Murah,/properti/jakarta-selatan/hos16440785/
"Dekat Antasari, Rumah Dijual Cilandak Barat, Cipete Area. Nego",/properti/jakarta-selatan/hos16455510/
Rumah 2 Lantai Baru di Graha Asri Legalitas SHM,/properti/bekasi/hos16680112/
"Rumah di Jl. Cemara Duri Kosambi, Cengkareng, Jakarta Barat SHM 160m2",/properti/jakarta-barat/hos13619377/
Rumah di THE ZORA CLUSTER KAZUMI 3 Lantai Baru BISA KPR,/properti/tangerang/hos16216257/
Murah Apartment Skandinavia Tangcity Tangerang Lb 66 M2 Corner,/properti/tangerang/aps3298744/
"Lokasi Bagus, Jalan Raya Utama. Dkt Toll. Rumah Cilandak Dijual",/properti/jakarta-selatan/hos16469732/
"Full Tersewa Kos 38 Kamar, Inves Tercuan Roi Tinggi Di Pasar Baru",/properti/jakarta-pusat/kss10145/
"Roi Tinggi Inves Tercuan, Kos 38 Kamar Full Tersewa Di Pasar Baru",/properti/jakarta-pusat/hos18120113/
Dijual Kost Premium Akses Jalan Lebar Lokasi Taman Palem Jakarta ,/properti/jakarta-barat/hos18597414/
Kos Eksklusif 20 Kamar Full Furnished Jalan 3 Mobil Jakarta Barat,/properti/jakarta-barat/kss9241/
Full Furnished Kos Eksklusif 20 Kamar Jalan 3 Mobil Jakarta Barat,/properti/jakarta-barat/kss9238/
"Rumah Dijual bendungan Hilir. Dkt Toll, Bu, Cpt. Super Nego",/properti/jakarta-pusat/hos16585281/
Rumah di Citragrand Cibubur Bagus,/properti/jakarta-timur/hos12495260/
Full Terisi Kost 44 Kamar Hanya 5 Menit Ke C P Tanjung Duren ,/properti/jakarta-barat/kss10121/
Kos Eksklusif 20 Kamar Full Furnished Jalan 3 Mobil Jakarta Barat,/properti/jakarta-barat/kss9248/
Kost Ekslusif Jalan 3 Mobil Dekat Sport Club Taman Palem Jakarta ,/properti/jakarta-barat/hos17916217/
Dijual Kost Ekslusif Jalan Lebar Lokasi Taman Palem Jakarta Barat,/properti/jakarta-barat/kss25216/
Bawah Njop Murah. Rumah Kemang Dijual. Hitung Tanah Saja,/properti/jakarta-selatan/hos16476127/
"Dijual Rumah Di Guntur Area Komersil, Setiabudi Menteng, Jakarta Selatan",/properti/jakarta-selatan/hos16169877/
"Tercuan Roi Tinggi 14 , Kost 38 Kamar Full Tersewa Di Pasar Baru",/properti/jakarta-pusat/hos17900200/
Dijual Murah Rumah Pik1 Siap Huni Shm  Semi Furnished Rumah Shm Di Pantai Indah Kapuk Bagus,/properti/jakarta-utara/hos18210517/
Rumah Mewah Di Baliview Cirendeu Tangerang Selatan,/properti/jakarta-selatan/hos17599393/
rumah grand wisata west esplanade dekat mall living world,/properti/bekasi/hos9191106/
Bukit Cimanggu City,/properti/bogor/hos14879896/
"Jual Cepat Rumah Kantor Furnished Di Exit Toll Bukit Cimanggu City, Bogor ",/properti/bogor/hos14388502/
"Rumah Baru Unfurnished Sertifikat Hak Milik di Cileungsi, Bogor",/properti/bogor/hos15881079/
Investasi Terbaik Rumah Di Danau Sunter Area Komersil Lokasi Strategis !! Hub Sisca 081381125xxx,/properti/jakarta-utara/hos12722771/
"Dijual Rumah Di Sunter Sts 2,5lt, Jakarta Utara",/properti/jakarta-utara/hos14003268/
